{
  "name": "23影院",
  "url": "https://www.23wm.net",
  "User": "空",
  "shouye": "1",
  //"fenlei": "电影$/vodshow/1--------1---/page/#剧集$/vodshow/2--------1---/page/#综艺$/vodshow/3--------1---/page/#动漫$/vodshow/4--------1---/page/#纪录片$/vodshow/20--------1---/page/#国产剧$/vodshow/13--------1---/page/#港台剧$/vodshow/14--------1---/page/#日韩剧$/vodshow/15--------1---/page/#欧美剧$/vodshow/16--------1---/page/#哔哩哔哩$/vodshow/39--------1---/page/#喜剧片$/vodshow/7--------1---/page/#爱情片$/vodshow/8--------1---/page/#科幻片$/vodshow/9--------1---/page/#恐怖片$/vodshow/10--------1---/page/#剧情片$/vodshow/11--------1---/page/#",
  "fenlei": "电影$/vodshow/1--------#剧集$/vodshow/2--------#综艺$/vodshow/3--------#动漫$/vodshow/4--------#纪录片$/vodshow/20--------#国产剧$/vodshow/13--------#港台剧$/vodshow/14--------#韩剧$/vodshow/15-韩国-------#日剧$/vodshow/15-日本-------#欧美剧$/vodshow/16--------#泰国剧$/vodshow/25--------#哔哩哔哩$/vodshow/39--------#海外剧$/vodshow/51--------#国产动漫$/vodshow/4-国产-------#日本动漫$/vodshow/4-日本-------#欧美动漫$/vodshow/4-欧美-------#其他动漫$/vodshow/4-其他-------#喜剧片$/vodshow/7--------#爱情片$/vodshow/8--------#科幻片$/vodshow/9--------#恐怖片$/vodshow/10--------#剧情片$/vodshow/11--------#战争片$/vodshow/12--------#动作片$/vodshow/6--------#奇幻片$/vodshow/52--------#犯罪片$/vodshow/53--------",
  "houzhui": "---.html",
  "shifouercijiequ": "0",
  "jiequqian": "空",
  "jiequhou": "空",
  "jiequshuzuqian": "class=\"pack-ykpack\"",
  "jiequshuzuhou": "</div>",
  "tupianqian": "data-original=\"",
  "tupianhou": "\"",
  "biaotiqian": "title=\"",
  //"biaotihou": "\"",
  "biaotihou": "23影视网-",
  "lianjieqian": "href=\"",
  "lianjiehou": "\"",
  "sousuoqian": "/index.php/ajax/suggest?mid=1&wd=",
  "sousuohou": ".&limit=500",
  "sousuohouzhui": "/voddetail/vodsearch/.html/",
  "ssmoshi": "1",
  "sousuoshifouercijiequ": "0",
  "jspic": "pic",
  "jsname": "name",
  "jsid": "id",
  "ssjiequqian": "空",
  "ssjiequhou": "空",
  "ssjiequshuzuqian": "空",
  "ssjiequshuzuhou": "空",
  "sstupianqian": "空",
  "sstupianhou": "空",
  "ssbiaotiqian": "空",
  "ssbiaotihou": "空",
  "sslianjieqian": "空",
  "sslianjiehou": "空",
  "bfshifouercijiequ": "0",
  "bfjiequqian": "空",
  "bfjiequhou": "空",
  "bfjiequshuzuqian": "class=\"content_playlist",
  "bfjiequshuzuhou": "</ul>",
  "zhuangtaiqian": "类型：</span>",
  "zhuangtaihou": "</p>",
  "daoyanqian": "导演：</span>",
  "daoyanhou": "</p>",
  "zhuyanqian": "演员：</span>",
  "zhuyanhou": "</p>",
  "juqingqian": "简介：</span>",
  "juqinghou": "</p>",
  "bfyshifouercijiequ": "0",
  "bfyjiequqian": "空",
  "bfyjiequhou": "空",
  "bfyjiequshuzuqian": "<a",
  "bfyjiequshuzuhou": "/a>",
  "bfbiaotiqian": ">",
  "bfbiaotihou": "<",
  "bflianjieqian": "href=\"",
  "bflianjiehou": "\""
}
